1,aaaaaaaaaaaaaaaaaaaaa,0,0,0,0,0
2,dsadad,0,0,0,0,0
3,dsadaddsdad,0,0,0,0,0
4,aaaaadadadsdas,0,0,0,0,0
5,hfdhddgdgdg,0,0,0,0,0
6,PlayStation 5 has arrived! Learn all about our next-gen console in the Ultimate FAQ,0,0,0,0,0
7,"The pandemic is surging, and tens of millions of Americans are facing economic devastation",0,0,0,0,0
8,If you¡¯re for Universal Basic Income I¡¯m with you,0,0,0,0,0
9,If you¡¯re for Universal Basic Income I¡¯m with you,0,0,0,0,0
10,If you¡¯re for Universal Basic Income I¡¯m with you,0,0,0,0,0
11,How will you pay for that?,0,0,0,0,0
12,That would be an edge case of an edge case but consider this,0,0,0,0,0
13,@champagne_ste hello! Could we order three gas? Could you take all bottles away too as they're empty,0,0,0,0,0
14,which company did you pick?,0,0,0,0,0
15,aaa,0,0,0,0,0
16,this is a new test,0,0,0,0,0
17,this is a new test,0,0,0,0,0
18,this is a new test,0,0,0,0,0
19,123,0,0,0,0,0
20,this is a test,0,0,0,0,0
21,Is this a spam,0,0,0,0,0
22,is this a spam,0,0,0,0,0
23,is this a spam,0,0,0,0,0
24,hello world,0,0,0,0,0
25,I love coding,0,0,0,0,0
26,"i love coding , you?",0,0,0,0,0
27,your IRS refund is pending,0,0,0,0,0
28,this is a test if return is string or not,0,0,0,0,0
29,I love coding,0,0,0,0,0
30,i love coding so much,0,0,0,0,0
31,congratulation you won $1000,0,0,0,0,0
32,i love coding,0,0,0,0,0
33,congratulation you won $1000,0,0,0,0,0
34,this is a test if return is string or not,0,0,0,0,0
35,here we go,0,0,0,0,0
36,this is a test,0,0,0,0,0
37,congratulation you won $1000,0,0,0,0,0
