Content,Label
eeeeee,unknown
aaaaaaaaaaaaa,unknown
aaaaaaaaaaaaaa,unknown
aaaaaaaaaaaaaaaaa,unknown
aaaaaaaa,unknown
aaa,unknown
aaaaaaaaaaaaaaaaaaaaaa,unknown
aaaaaaaaaaaaaaaaaaa,unknown
aaaaaaaaaaaaaaaaaaa,unknown
aaaaaaaaaaaaaaaaaaa,unknown
aaaaaaaaaaaaaaaaaaa,unknown
aaaaaaaaaaaaaaaaaaa,unknown
aaaaaaaaaaaaaaaaaaaaa,unknown
aaaaaaaaaaaaaaaaaaaaa,unknown
aaaaaaaaaaaaaaaa,unknown
aaaaaaaaaaaaaaaa,unknown
xdadadadas,unknown
dasdasd,unknown
aaaa,unknown
dadadasd,unknown
asa,unknown
sdadasdasdasdasdadas,unknown
aaa,unknown
aaaaaaaa,unknown
11223,unknown
11223,TRUE
aaaaaaaaaa,unknown
aaaaaaaaaaaaaaaaaaaaa,unknown
dddddddddddddddddddddddddddddddddd,unknown
123,unknown
aaadcsdsdwqweq,unknown
aaadcsdsdwqweq,TRUE
this is a tweet for report,TRUE
this is a tweet for detect,Unknown
this is a tweet for report,TRUE
this is a tweet for detect,Unknown
Dream with us.  Dream of blazing fast speeds.  Dream of more vibrant gaming worlds.  Dream of high visual fidelity and higher frame rates.,TRUE
this is a tweet for report,TRUE
this is a tweet for detect,Unknown
Dream with us.  Dream of blazing fast speeds.  Dream of more vibrant gaming worlds.  Dream of high visual fidelity and higher frame rates.,TRUE
this is a tweet for report,TRUE
this is a tweet for detect,Unknown
The Bachelorette: Clare Crawley's dramatic season has officially begun,TRUE
as The Bachelorette has already been considered the most dramatic season ever ?? and it's only just the p,TRUE
the timing. If you can??t get something passed now or in the lame duck session Americans could be waiting until Februa,TRUE
the timing. If you can??t get something passed now or in the lame duck session Americans could be waiting until Februa,Unknown
the timing. If you can??t get something passed now or in the lame duck session Americans could be waiting until Februa,Unknown
the timing. If you can??t get something passed now or in the lame duck session Americans could be waiting until Februa,Unknown
the timing. If you can??t get something passed now or in the lame duck session Americans could be waiting until Februa,Unknown
Millions of families are on the edge,Unknown
this is a tweet for report,TRUE
this is a tweet for detect,Unknown
Millions of families are on the edge,Unknown
aaaaaaaaaaaaaaaaaaaaa,unknown
aaa,unknown
asadadas,unknown
asadadas,True
aaa,unknown
aaaaaaaaaaaaaaaaaaaaa,unknown
adcsaqwe,unknown
adcsaqwe,True
this is a tweet for report,True
this is a tweet for detect,Unknown
Dream with us.  Dream of blazing fast speeds.  Dream of more vibrant gaming worlds.  Dream of high visual fidelity and higher frame rates.,True
Shoutout,Unknown
Shoutout to Daniel Kaluuya and  @Labrinth  for helping bring this dream to reality.,Unknown
aaaaa,unknown
this is a tweet for report,True
this is a tweet for detect,Unknown
aaaaaaaaaaaaaaaaaaaaa,unknown
aaa,unknown
qqqqq,unknown
qqqqq,True
this is a tweet for report,True
this is a tweet for detect,Unknown
Dream with us.  Dream of blazing fast speeds.  Dream of more vibrant gaming worlds.  Dream of high visual fidelity and higher frame rates.,True
Shoutout to Daniel Kaluuya and  @Labrinth  for helping bring this dream to reality.,Unknown
aaa,unknown
aaa,unknown
aaaaaaaaaaaaaaaaaaaaa,unknown
Dream with us.  Dream of blazing fast speeds.  Dream of more vibrant gaming worlds.  Dream of high visual fidelity and higher frame rates.,Unknown
Dream with us.  Dream of blazing fast speeds.  Dream of more vibrant gaming worlds.  Dream of high visual fidelity and higher frame rates.,Unknown
dsadadasdsa,unknown
Dream with us.  Dream of blazing fast speeds.  Dream of more vibrant gaming worlds.  Dream of high visual fidelity and higher frame rate,Unknown
Dream with us.  Dream of blazing fast speeds.  Dream of more vibrant gaming worlds.  Dream of high visual fidelity and higher frame rate,Unknown
Dream with us.  Dream of blazing fast speeds.  Dream of more vibrant gaming worlds.  Dream of high visual fidelity and higher frame rates.,True
Dream with us.  Dream of blazing fast speeds.  Dream of more vibrant gaming worlds.  Dream of high visual fidelity and higher frame rates.,Unknown
Dream with us.  Dream of blazing fast speeds.  Dream of more vibrant gaming worlds.  Dream of high visual fidelity and higher frame rates.,True
Dream with us.  Dream of blazing fast speeds.  Dream of more vibrant gaming worlds.  Dream of high visual fidelity and higher frame rates.,True
Dream with us.  Dream of blazing fast speeds.  Dream of more vibrant gaming worlds.  Dream of high visual fidelity and higher frame rates.,True
m of blazing fast speeds.  Dream of more vibrant gaming worlds.  Dream of high visual fidelity and higher frame rates,True
m of blazing fast speeds.  Dream of more vibrant gaming worlds.  Dream of high visual fidelity and higher frame rates,Unknown
m of blazing fast speeds.  Dream of more vibrant gaming worlds.  Dream of high visual fidelity and higher frame rates,True
m of blazing fast speeds.  Dream of more vibrant gaming worlds.  Dream of high visual fidelity and higher frame rates,True
m of blazing fast speeds.  Dream of more vibrant gaming worlds.  Dream of high visual fidelity and higher frame rates,True
ks in while you've got the chance,True
f blazing fast speeds.  Dream of more vibrant gaming worlds.  Dream of high visual fidelity and higher frame r,True
f blazing fast speeds.  Dream of more vibrant gaming worlds.  Dream of high visual fidelity and higher frame r,True
f blazing fast speeds.  Dream of more vibrant gaming worlds.  Dream of high visual fidelity and higher frame r,True
f blazing fast speeds.  Dream of more vibrant gaming worlds.  Dream of high visual fidelity and higher frame r,Unknown
f blazing fast speeds.  Dream of more vibrant gaming worlds.  Dream of high visual fidelity and higher frame r,True
f blazing fast speeds.  Dream of more vibrant gaming worlds.  Dream of high visual fidelity and higher frame r,True
f blazing fast speeds.  Dream of more vibrant gaming worlds.  Dream of high visual fidelity and higher frame r,True
f blazing fast speeds.  Dream of more vibrant gaming worlds.  Dream of high visual fidelity and higher frame r,True
Get a few more scorestreaks in while you've got the chance.,True
"value = ""Test the alert"" onclick=""aler",True
"Andrew,   you should comment on the Biden Email scandal.    If you claim to be ""d",Unknown
"Select some topics you're interested in to help personalize your Twitter experience, starting with finding people to follow.",True
loaded as AMD or CommonJS module,True
", starting with finding people to follo",True
loaded as AMD or CommonJS module,True
ed as AMD or CommonJS module,True
kcjkcjckcj or what-have-you,True
ou might encounter mi,True
ou might encounter mi,True
ou might encounter mi,True
ou might encounter mi,Unknown
"Our organizing team has fostered a positive, passionate volunteer culture. We need y'all for one final week as we power through Election Day.",True
"Our organizing team has fostered a positive, passionate volunteer culture. We need y'all for one final week as we power through Election Day.",True
"ganizing team has fostered a positive, passionate volunteer culture. We need y'all for one final",True
NE WEEK TIL ELECTION DAY! VOTE NOW!!!  SHOW ME YOUR AFTER VOTE GLO,True
"ur Spider-Senses are sharp! Here¡¯s a look at Prowler¡¯s outfit from ""Marvel's Spider-Man: Miles Morales"" C",True
"Spider-Senses are sharp! Here¡¯s a look at Prowler¡¯s outfit from ""Marvel's Spider-Man: Miles Mor",True
"Spider-Senses are sharp! Here¡¯s a look at Prowler¡¯s outfit from ""Marvel's Spider-Man: Miles Mor",True
$.removeCookie('name');,True
"r Spider-Senses are sharp! Here¡¯s a look at Prowler¡¯s outfit from ""Marvel's Spider-Man: Mil",Unknown
"-Senses are sharp! Here¡¯s a look at Prowler¡¯s outfit from ""Marvel's Spider-Man: Miles Morales"" Creative Director Brian Horton¡¯s variant cover for ""Amazing Spider-Man""",Unknown
"-Senses are sharp! Here¡¯s a look at Prowler¡¯s outfit from ""Marvel's Spider-Man: Miles Morales"" Creative Director Brian Horton¡¯s variant cover for ""Amazing Spider-Man""",Unknown
"-Senses are sharp! Here¡¯s a look at Prowler¡¯s outfit from ""Marvel's Spider-Man: Miles Morales"" Creative Director Brian Horton¡¯s variant cover for ""Amazing Spider-Man""",True
"-Senses are sharp! Here¡¯s a look at Prowler¡¯s outfit from ""Marvel's Spider-Man: Miles Morales"" Creative Director Brian Horton¡¯s variant cover for ""Amazing Spider-Man""",Unknown
"-Senses are sharp! Here¡¯s a look at Prowler¡¯s outfit from ""Marvel's Spider-Man: Miles Morales"" Creative Director Brian Horton¡¯s variant cover for ""Amazing Spider-Man""",True
"-Senses are sharp! Here¡¯s a look at Prowler¡¯s outfit from ""Marvel's Spider-Man: Miles Morales"" Creative Director Brian Horton¡¯s variant cover for ""Amazing Spider-Man""",Unknown
123,unknown
aaaaaaaaaaaaaaaaaaaaa,unknown
aaaaaaaaaaaaaaaaaaaaa,True
aaaaaaaaaaaaaaaaaaaaa,unknown
aaaaaaaaaaaaaaaaaaaaa,unknown
aaa,unknown
aaaaaaaaaaaaaaaaaaaaa,unknown
aaaaaaaaaaaaaaaaaaaaa,True
aaaaaaaaaaaaaaaaaaaaa,unknown
aaaaaaaaaaaaaaaaaaaaa,True
aaaaaaaaaaaaaaaaaaaaa,unknown
aaaaaaaaaaaaaaaaaaaaa,unknown
aaaaaaaaaaaaaaaaaaaaa,unknown
aaaaaaaaaaaaaaaaaaaaa,unknown
aaaaaaaaaaaaaaaaaaaaa,unknown
dsadad,unknown
In the knowledge Data Discovery model there is already a lump sum of data available to the system  whereas in UDD mod,True
We need a value of the key to be,True
"We need a value of the key to be present in JSON so we can use this value in our system. In this case, we need to be sure that value is present for a key, and if it is none or not present, we use the default value",True
"value of the key to be present in JSON so we can use this value in our system. In this case, we need to be sure that value is present for a key, and if it is none or not present, we use the default value",True
"ent in JSON so we can use this value in our system. In this case, we need to be sure that value is pres",True
converts JSON data into Python dict so we can use the get method of dict class to assign a default value to the key,True
converts JSON data into Python dict so we can use the get method of dict class to assign a default value to the key,Unknown
converts JSON data into Python dict so we can use the get method of dict class to assign a default value to the key,Unknown
dasdasdadsada,unknown
dsadasdasdas,unknown
"Conversion to a string is done with the builtin str() function, which basically calls the __str__() method of its parameter.",Unknown
"Conversion to a string is done with the builtin str() function, which basically calls the __str__() method of its parameter.",sus_spam
not typecast and,sus_spam
coercion,sus_benign
"With the increase in voting by mail, there might be a delay in the announcement of election results. This means you could encounter unconfirmed claims that a candidate has won their race",con_spam
"With the increase in voting by mail, there might be a delay in the announcement of election results. This means you could encounter unconfirmed claims that a candidate has won their race",sus_spam
You have the right to vote. If you run into any issues at your polling place,con_spam
You have the right to vote. If you run into any issues at your polling place,sus_spam
Intelligence and character are not the same things at all.,con_spam
dsadad,sus_benign
dsadaddsdad,sus_benign
